<rss xmlns:atom="http://www.w3.org/2005/Atom" version="2.0">
    <channel>
        <title>工控安全渗透 - 标签 - Geekby&#39;s Blog</title>
        <link>https://www.geekby.site/tags/%E5%B7%A5%E6%8E%A7%E5%AE%89%E5%85%A8%E6%B8%97%E9%80%8F/</link>
        <description>工控安全渗透 - 标签 - Geekby&#39;s Blog</description>
        <generator>Hugo -- gohugo.io</generator><language>zh-cn</language><managingEditor>admin@geekby.site (Geekby)</managingEditor>
            <webMaster>admin@geekby.site (Geekby)</webMaster><lastBuildDate>Sun, 28 Jul 2019 09:39:00 &#43;0800</lastBuildDate><atom:link href="https://www.geekby.site/tags/%E5%B7%A5%E6%8E%A7%E5%AE%89%E5%85%A8%E6%B8%97%E9%80%8F/" rel="self" type="application/rss+xml" /><item>
    <title>工控安全渗透</title>
    <link>https://www.geekby.site/2019/07/%E5%B7%A5%E6%8E%A7%E5%AE%89%E5%85%A8%E6%B8%97%E9%80%8F%E6%B5%8B%E8%AF%95/</link>
    <pubDate>Sun, 28 Jul 2019 09:39:00 &#43;0800</pubDate>
    <author>作者</author>
    <guid>https://www.geekby.site/2019/07/%E5%B7%A5%E6%8E%A7%E5%AE%89%E5%85%A8%E6%B8%97%E9%80%8F%E6%B5%8B%E8%AF%95/</guid>
    <description><![CDATA[工控安全渗透相关]]></description>
</item></channel>
</rss>
