<rss xmlns:atom="http://www.w3.org/2005/Atom" version="2.0">
    <channel>
        <title>k8s - 标签 - Geekby&#39;s Blog</title>
        <link>https://www.geekby.site/tags/k8s/</link>
        <description>k8s - 标签 - Geekby&#39;s Blog</description>
        <generator>Hugo -- gohugo.io</generator><language>zh-cn</language><managingEditor>admin@geekby.site (Geekby)</managingEditor>
            <webMaster>admin@geekby.site (Geekby)</webMaster><lastBuildDate>Tue, 30 Nov 2021 15:23:00 &#43;0800</lastBuildDate><atom:link href="https://www.geekby.site/tags/k8s/" rel="self" type="application/rss+xml" /><item>
    <title>K8s 安全</title>
    <link>https://www.geekby.site/2021/11/k8s%E5%AE%89%E5%85%A8/</link>
    <pubDate>Tue, 30 Nov 2021 15:23:00 &#43;0800</pubDate>
    <author>作者</author>
    <guid>https://www.geekby.site/2021/11/k8s%E5%AE%89%E5%85%A8/</guid>
    <description><![CDATA[云原生安全(二) - 容器编排平台的风险分析]]></description>
</item></channel>
</rss>
