<rss xmlns:atom="http://www.w3.org/2005/Atom" version="2.0">
    <channel>
        <title>XXE - 标签 - Geekby&#39;s Blog</title>
        <link>https://www.geekby.site/tags/xxe/</link>
        <description>XXE - 标签 - Geekby&#39;s Blog</description>
        <generator>Hugo -- gohugo.io</generator><language>zh-cn</language><managingEditor>admin@geekby.site (Geekby)</managingEditor>
            <webMaster>admin@geekby.site (Geekby)</webMaster><lastBuildDate>Fri, 15 Mar 2019 13:25:00 &#43;0800</lastBuildDate><atom:link href="https://www.geekby.site/tags/xxe/" rel="self" type="application/rss+xml" /><item>
    <title>XXE 漏洞相关</title>
    <link>https://www.geekby.site/2019/03/xxe%E6%BC%8F%E6%B4%9E%E7%9B%B8%E5%85%B3/</link>
    <pubDate>Fri, 15 Mar 2019 13:25:00 &#43;0800</pubDate>
    <author>作者</author>
    <guid>https://www.geekby.site/2019/03/xxe%E6%BC%8F%E6%B4%9E%E7%9B%B8%E5%85%B3/</guid>
    <description><![CDATA[XXE 漏洞相关知识整理]]></description>
</item></channel>
</rss>
