<rss xmlns:atom="http://www.w3.org/2005/Atom" version="2.0">
    <channel>
        <title>NodeJS - 标签 - Geekby&#39;s Blog</title>
        <link>https://www.geekby.site/tags/nodejs/</link>
        <description>NodeJS - 标签 - Geekby&#39;s Blog</description>
        <generator>Hugo -- gohugo.io</generator><language>zh-cn</language><managingEditor>admin@geekby.site (Geekby)</managingEditor>
            <webMaster>admin@geekby.site (Geekby)</webMaster><lastBuildDate>Sun, 27 Dec 2020 21:00:00 &#43;0800</lastBuildDate><atom:link href="https://www.geekby.site/tags/nodejs/" rel="self" type="application/rss+xml" /><item>
    <title>NodeJS 安全</title>
    <link>https://www.geekby.site/2020/12/nodejs-%E5%AE%89%E5%85%A8/</link>
    <pubDate>Sun, 27 Dec 2020 21:00:00 &#43;0800</pubDate>
    <author>作者</author>
    <guid>https://www.geekby.site/2020/12/nodejs-%E5%AE%89%E5%85%A8/</guid>
    <description><![CDATA[NodeJS 安全]]></description>
</item></channel>
</rss>
