<rss xmlns:atom="http://www.w3.org/2005/Atom" version="2.0">
    <channel>
        <title>提权靶场 - 标签 - Geekby&#39;s Blog</title>
        <link>https://www.geekby.site/tags/%E6%8F%90%E6%9D%83%E9%9D%B6%E5%9C%BA/</link>
        <description>提权靶场 - 标签 - Geekby&#39;s Blog</description>
        <generator>Hugo -- gohugo.io</generator><language>zh-cn</language><managingEditor>admin@geekby.site (Geekby)</managingEditor>
            <webMaster>admin@geekby.site (Geekby)</webMaster><lastBuildDate>Thu, 31 Oct 2019 09:00:00 &#43;0800</lastBuildDate><atom:link href="https://www.geekby.site/tags/%E6%8F%90%E6%9D%83%E9%9D%B6%E5%9C%BA/" rel="self" type="application/rss+xml" /><item>
    <title>in.security 提权靶场</title>
    <link>https://www.geekby.site/2019/10/lin.security%E6%8F%90%E6%9D%83%E9%9D%B6%E5%9C%BA/</link>
    <pubDate>Thu, 31 Oct 2019 09:00:00 &#43;0800</pubDate>
    <author>作者</author>
    <guid>https://www.geekby.site/2019/10/lin.security%E6%8F%90%E6%9D%83%E9%9D%B6%E5%9C%BA/</guid>
    <description><![CDATA[in.security 提权靶场]]></description>
</item></channel>
</rss>
