<rss xmlns:atom="http://www.w3.org/2005/Atom" version="2.0">
    <channel>
        <title>CTF - 分类 - Geekby&#39;s Blog</title>
        <link>https://www.geekby.site/categories/ctf/</link>
        <description>CTF - 分类 - Geekby&#39;s Blog</description>
        <generator>Hugo -- gohugo.io</generator><language>zh-cn</language><managingEditor>admin@geekby.site (Geekby)</managingEditor>
            <webMaster>admin@geekby.site (Geekby)</webMaster><lastBuildDate>Fri, 31 May 2019 14:02:00 &#43;0800</lastBuildDate><atom:link href="https://www.geekby.site/categories/ctf/" rel="self" type="application/rss+xml" /><item>
    <title>CTF 中的命令执行漏洞</title>
    <link>https://www.geekby.site/2019/05/ctf%E4%B8%AD%E7%9A%84%E5%91%BD%E4%BB%A4%E6%89%A7%E8%A1%8C%E6%BC%8F%E6%B4%9E/</link>
    <pubDate>Fri, 31 May 2019 14:02:00 &#43;0800</pubDate>
    <author>作者</author>
    <guid>https://www.geekby.site/2019/05/ctf%E4%B8%AD%E7%9A%84%E5%91%BD%E4%BB%A4%E6%89%A7%E8%A1%8C%E6%BC%8F%E6%B4%9E/</guid>
    <description><![CDATA[CTF 中的命令执行漏洞相关知识整理]]></description>
</item><item>
    <title>PHP 文件包含漏洞</title>
    <link>https://www.geekby.site/2019/05/php%E6%96%87%E4%BB%B6%E5%8C%85%E5%90%AB%E6%BC%8F%E6%B4%9E/</link>
    <pubDate>Thu, 30 May 2019 16:20:00 &#43;0800</pubDate>
    <author>作者</author>
    <guid>https://www.geekby.site/2019/05/php%E6%96%87%E4%BB%B6%E5%8C%85%E5%90%AB%E6%BC%8F%E6%B4%9E/</guid>
    <description><![CDATA[PHP 文件包含漏洞相关知识整理]]></description>
</item><item>
    <title>PHP 反序列化漏洞相关</title>
    <link>https://www.geekby.site/2019/02/php%E5%8F%8D%E5%BA%8F%E5%88%97%E5%8C%96%E6%BC%8F%E6%B4%9E%E7%9B%B8%E5%85%B3/</link>
    <pubDate>Wed, 20 Feb 2019 09:01:00 &#43;0800</pubDate>
    <author>作者</author>
    <guid>https://www.geekby.site/2019/02/php%E5%8F%8D%E5%BA%8F%E5%88%97%E5%8C%96%E6%BC%8F%E6%B4%9E%E7%9B%B8%E5%85%B3/</guid>
    <description><![CDATA[PHP 反序列化漏洞漏洞相关知识整理]]></description>
</item></channel>
</rss>
