<rss xmlns:atom="http://www.w3.org/2005/Atom" version="2.0">
    <channel>
        <title>权限维持 - 标签 - Geekby&#39;s Blog</title>
        <link>https://www.geekby.site/tags/%E6%9D%83%E9%99%90%E7%BB%B4%E6%8C%81/</link>
        <description>权限维持 - 标签 - Geekby&#39;s Blog</description>
        <generator>Hugo -- gohugo.io</generator><language>zh-cn</language><managingEditor>admin@geekby.site (Geekby)</managingEditor>
            <webMaster>admin@geekby.site (Geekby)</webMaster><lastBuildDate>Mon, 07 Dec 2020 14:24:00 &#43;0800</lastBuildDate><atom:link href="https://www.geekby.site/tags/%E6%9D%83%E9%99%90%E7%BB%B4%E6%8C%81/" rel="self" type="application/rss+xml" /><item>
    <title>权限维持</title>
    <link>https://www.geekby.site/2020/12/%E6%9D%83%E9%99%90%E7%BB%B4%E6%8C%81/</link>
    <pubDate>Mon, 07 Dec 2020 14:24:00 &#43;0800</pubDate>
    <author>作者</author>
    <guid>https://www.geekby.site/2020/12/%E6%9D%83%E9%99%90%E7%BB%B4%E6%8C%81/</guid>
    <description><![CDATA[权限维持]]></description>
</item></channel>
</rss>
