<rss xmlns:atom="http://www.w3.org/2005/Atom" version="2.0">
    <channel>
        <title>Weblogic - 标签 - Geekby&#39;s Blog</title>
        <link>https://www.geekby.site/tags/weblogic/</link>
        <description>Weblogic - 标签 - Geekby&#39;s Blog</description>
        <generator>Hugo -- gohugo.io</generator><language>zh-cn</language><managingEditor>admin@geekby.site (Geekby)</managingEditor>
            <webMaster>admin@geekby.site (Geekby)</webMaster><lastBuildDate>Mon, 19 Apr 2021 09:49:49 &#43;0800</lastBuildDate><atom:link href="https://www.geekby.site/tags/weblogic/" rel="self" type="application/rss+xml" /><item>
    <title>Weblogic T3 反序列化漏洞复现</title>
    <link>https://www.geekby.site/2021/04/weblogic-t3-%E5%8F%8D%E5%BA%8F%E5%88%97%E5%8C%96%E6%BC%8F%E6%B4%9E%E5%A4%8D%E7%8E%B0/</link>
    <pubDate>Mon, 19 Apr 2021 09:49:49 &#43;0800</pubDate>
    <author>作者</author>
    <guid>https://www.geekby.site/2021/04/weblogic-t3-%E5%8F%8D%E5%BA%8F%E5%88%97%E5%8C%96%E6%BC%8F%E6%B4%9E%E5%A4%8D%E7%8E%B0/</guid>
    <description><![CDATA[Weblogic T3 反序列化漏洞复现]]></description>
</item></channel>
</rss>
