<rss xmlns:atom="http://www.w3.org/2005/Atom" version="2.0">
    <channel>
        <title>Spark - 标签 - Geekby&#39;s Blog</title>
        <link>https://www.geekby.site/tags/spark/</link>
        <description>Spark - 标签 - Geekby&#39;s Blog</description>
        <generator>Hugo -- gohugo.io</generator><language>zh-cn</language><managingEditor>admin@geekby.site (Geekby)</managingEditor>
            <webMaster>admin@geekby.site (Geekby)</webMaster><lastBuildDate>Sun, 03 Mar 2019 14:00:00 &#43;0800</lastBuildDate><atom:link href="https://www.geekby.site/tags/spark/" rel="self" type="application/rss+xml" /><item>
    <title>Apache Spark 未授权访问漏洞</title>
    <link>https://www.geekby.site/2019/03/apache-spark-%E6%9C%AA%E6%8E%88%E6%9D%83%E8%AE%BF%E9%97%AE%E6%BC%8F%E6%B4%9E/</link>
    <pubDate>Sun, 03 Mar 2019 14:00:00 &#43;0800</pubDate>
    <author>作者</author>
    <guid>https://www.geekby.site/2019/03/apache-spark-%E6%9C%AA%E6%8E%88%E6%9D%83%E8%AE%BF%E9%97%AE%E6%BC%8F%E6%B4%9E/</guid>
    <description><![CDATA[Apache Spark 未授权访问漏洞]]></description>
</item></channel>
</rss>
