<rss xmlns:atom="http://www.w3.org/2005/Atom" version="2.0">
    <channel>
        <title>Dubbo - 标签 - Geekby&#39;s Blog</title>
        <link>https://www.geekby.site/tags/dubbo/</link>
        <description>Dubbo - 标签 - Geekby&#39;s Blog</description>
        <generator>Hugo -- gohugo.io</generator><language>zh-cn</language><managingEditor>admin@geekby.site (Geekby)</managingEditor>
            <webMaster>admin@geekby.site (Geekby)</webMaster><lastBuildDate>Wed, 01 Jul 2020 11:09:00 &#43;0800</lastBuildDate><atom:link href="https://www.geekby.site/tags/dubbo/" rel="self" type="application/rss+xml" /><item>
    <title>Apache Dubbo Provider反序列化漏洞(CVE-2020-1948)</title>
    <link>https://www.geekby.site/2020/07/apache-dubbo-provider%E5%8F%8D%E5%BA%8F%E5%88%97%E5%8C%96%E6%BC%8F%E6%B4%9Ecve-2020-1948/</link>
    <pubDate>Wed, 01 Jul 2020 11:09:00 &#43;0800</pubDate>
    <author>作者</author>
    <guid>https://www.geekby.site/2020/07/apache-dubbo-provider%E5%8F%8D%E5%BA%8F%E5%88%97%E5%8C%96%E6%BC%8F%E6%B4%9Ecve-2020-1948/</guid>
    <description><![CDATA[Apache Dubbo Provider反序列化漏洞原理及复现]]></description>
</item></channel>
</rss>
