<rss xmlns:atom="http://www.w3.org/2005/Atom" version="2.0">
    <channel>
        <title>LDAP - 标签 - Geekby&#39;s Blog</title>
        <link>https://www.geekby.site/tags/ldap/</link>
        <description>LDAP - 标签 - Geekby&#39;s Blog</description>
        <generator>Hugo -- gohugo.io</generator><language>zh-cn</language><managingEditor>admin@geekby.site (Geekby)</managingEditor>
            <webMaster>admin@geekby.site (Geekby)</webMaster><lastBuildDate>Mon, 14 Dec 2020 10:46:00 &#43;0800</lastBuildDate><atom:link href="https://www.geekby.site/tags/ldap/" rel="self" type="application/rss+xml" /><item>
    <title>LDAP 协议相关</title>
    <link>https://www.geekby.site/2020/12/ldap-%E5%8D%8F%E8%AE%AE/</link>
    <pubDate>Mon, 14 Dec 2020 10:46:00 &#43;0800</pubDate>
    <author>作者</author>
    <guid>https://www.geekby.site/2020/12/ldap-%E5%8D%8F%E8%AE%AE/</guid>
    <description><![CDATA[LDAP 协议相关知识介绍]]></description>
</item></channel>
</rss>
