<rss xmlns:atom="http://www.w3.org/2005/Atom" version="2.0">
    <channel>
        <title>Zabbix - 标签 - Geekby&#39;s Blog</title>
        <link>https://www.geekby.site/tags/zabbix/</link>
        <description>Zabbix - 标签 - Geekby&#39;s Blog</description>
        <generator>Hugo -- gohugo.io</generator><language>zh-cn</language><managingEditor>admin@geekby.site (Geekby)</managingEditor>
            <webMaster>admin@geekby.site (Geekby)</webMaster><lastBuildDate>Mon, 21 Mar 2022 15:00:00 &#43;0800</lastBuildDate><atom:link href="https://www.geekby.site/tags/zabbix/" rel="self" type="application/rss+xml" /><item>
    <title>Zabbix 漏洞深入利用</title>
    <link>https://www.geekby.site/2022/03/zabbix%E6%BC%8F%E6%B4%9E%E6%B7%B1%E5%85%A5%E5%88%A9%E7%94%A8/</link>
    <pubDate>Mon, 21 Mar 2022 15:00:00 &#43;0800</pubDate>
    <author>作者</author>
    <guid>https://www.geekby.site/2022/03/zabbix%E6%BC%8F%E6%B4%9E%E6%B7%B1%E5%85%A5%E5%88%A9%E7%94%A8/</guid>
    <description><![CDATA[Zabbix 漏洞深入利用]]></description>
</item></channel>
</rss>
