<rss xmlns:atom="http://www.w3.org/2005/Atom" version="2.0">
    <channel>
        <title>域后门 - 标签 - Geekby&#39;s Blog</title>
        <link>https://www.geekby.site/tags/%E5%9F%9F%E5%90%8E%E9%97%A8/</link>
        <description>域后门 - 标签 - Geekby&#39;s Blog</description>
        <generator>Hugo -- gohugo.io</generator><language>zh-cn</language><managingEditor>admin@geekby.site (Geekby)</managingEditor>
            <webMaster>admin@geekby.site (Geekby)</webMaster><lastBuildDate>Fri, 07 Feb 2020 14:24:00 &#43;0800</lastBuildDate><atom:link href="https://www.geekby.site/tags/%E5%9F%9F%E5%90%8E%E9%97%A8/" rel="self" type="application/rss+xml" /><item>
    <title>隐蔽域后门</title>
    <link>https://www.geekby.site/2020/02/%E9%9A%90%E8%94%BD%E5%9F%9F%E5%90%8E%E9%97%A8/</link>
    <pubDate>Fri, 07 Feb 2020 14:24:00 &#43;0800</pubDate>
    <author>作者</author>
    <guid>https://www.geekby.site/2020/02/%E9%9A%90%E8%94%BD%E5%9F%9F%E5%90%8E%E9%97%A8/</guid>
    <description><![CDATA[隐蔽域后门原理及复现]]></description>
</item></channel>
</rss>
