<rss xmlns:atom="http://www.w3.org/2005/Atom" version="2.0">
    <channel>
        <title>常用 - 分类 - Geekby&#39;s Blog</title>
        <link>https://www.geekby.site/categories/%E5%B8%B8%E7%94%A8/</link>
        <description>常用 - 分类 - Geekby&#39;s Blog</description>
        <generator>Hugo -- gohugo.io</generator><language>zh-cn</language><managingEditor>admin@geekby.site (Geekby)</managingEditor>
            <webMaster>admin@geekby.site (Geekby)</webMaster><lastBuildDate>Wed, 20 Jan 2021 09:53:00 &#43;0800</lastBuildDate><atom:link href="https://www.geekby.site/categories/%E5%B8%B8%E7%94%A8/" rel="self" type="application/rss+xml" /><item>
    <title>MSSQL 注入与提权方法整理</title>
    <link>https://www.geekby.site/2021/01/mssql%E6%B3%A8%E5%85%A5%E4%B8%8E%E6%8F%90%E6%9D%83%E6%96%B9%E6%B3%95%E6%95%B4%E7%90%86/</link>
    <pubDate>Wed, 20 Jan 2021 09:53:00 &#43;0800</pubDate>
    <author>作者</author>
    <guid>https://www.geekby.site/2021/01/mssql%E6%B3%A8%E5%85%A5%E4%B8%8E%E6%8F%90%E6%9D%83%E6%96%B9%E6%B3%95%E6%95%B4%E7%90%86/</guid>
    <description><![CDATA[MSSQL 注入与提权方法整理]]></description>
</item><item>
    <title>MySQL 提权方法整理</title>
    <link>https://www.geekby.site/2021/01/mysql%E6%8F%90%E6%9D%83%E6%96%B9%E6%B3%95%E6%95%B4%E7%90%86/</link>
    <pubDate>Tue, 19 Jan 2021 13:25:00 &#43;0800</pubDate>
    <author>作者</author>
    <guid>https://www.geekby.site/2021/01/mysql%E6%8F%90%E6%9D%83%E6%96%B9%E6%B3%95%E6%95%B4%E7%90%86/</guid>
    <description><![CDATA[MySQL 提权方法整理]]></description>
</item><item>
    <title>文件上传漏洞相关</title>
    <link>https://www.geekby.site/2021/01/%E6%96%87%E4%BB%B6%E4%B8%8A%E4%BC%A0%E6%BC%8F%E6%B4%9E/</link>
    <pubDate>Wed, 13 Jan 2021 09:01:00 &#43;0800</pubDate>
    <author>作者</author>
    <guid>https://www.geekby.site/2021/01/%E6%96%87%E4%BB%B6%E4%B8%8A%E4%BC%A0%E6%BC%8F%E6%B4%9E/</guid>
    <description><![CDATA[文件上传漏洞相关知识整理]]></description>
</item><item>
    <title>WEB 容器安全</title>
    <link>https://www.geekby.site/2021/01/web%E5%AE%B9%E5%99%A8%E5%AE%89%E5%85%A8/</link>
    <pubDate>Tue, 12 Jan 2021 14:20:00 &#43;0800</pubDate>
    <author>作者</author>
    <guid>https://www.geekby.site/2021/01/web%E5%AE%B9%E5%99%A8%E5%AE%89%E5%85%A8/</guid>
    <description><![CDATA[WEB 容器安全相关知识整理]]></description>
</item><item>
    <title>SSRF 漏洞相关</title>
    <link>https://www.geekby.site/2021/01/ssrf%E6%BC%8F%E6%B4%9E%E7%9B%B8%E5%85%B3/</link>
    <pubDate>Mon, 11 Jan 2021 16:18:00 &#43;0800</pubDate>
    <author>作者</author>
    <guid>https://www.geekby.site/2021/01/ssrf%E6%BC%8F%E6%B4%9E%E7%9B%B8%E5%85%B3/</guid>
    <description><![CDATA[SSRF 漏洞相关知识整理]]></description>
</item><item>
    <title>同源策略</title>
    <link>https://www.geekby.site/2021/01/%E5%90%8C%E6%BA%90%E7%AD%96%E7%95%A5/</link>
    <pubDate>Sun, 10 Jan 2021 14:45:00 &#43;0800</pubDate>
    <author>作者</author>
    <guid>https://www.geekby.site/2021/01/%E5%90%8C%E6%BA%90%E7%AD%96%E7%95%A5/</guid>
    <description><![CDATA[同源策略相关知识整理]]></description>
</item><item>
    <title>CSRF漏洞相关</title>
    <link>https://www.geekby.site/2021/01/csrf%E6%BC%8F%E6%B4%9E%E7%9B%B8%E5%85%B3/</link>
    <pubDate>Sun, 10 Jan 2021 11:05:00 &#43;0800</pubDate>
    <author>作者</author>
    <guid>https://www.geekby.site/2021/01/csrf%E6%BC%8F%E6%B4%9E%E7%9B%B8%E5%85%B3/</guid>
    <description><![CDATA[CSRF 漏洞相关知识整理]]></description>
</item><item>
    <title>XSS 漏洞相关</title>
    <link>https://www.geekby.site/2021/01/xss%E6%BC%8F%E6%B4%9E%E7%9B%B8%E5%85%B3/</link>
    <pubDate>Sun, 10 Jan 2021 09:27:00 &#43;0800</pubDate>
    <author>作者</author>
    <guid>https://www.geekby.site/2021/01/xss%E6%BC%8F%E6%B4%9E%E7%9B%B8%E5%85%B3/</guid>
    <description><![CDATA[XSS 漏洞相关知识整理]]></description>
</item><item>
    <title>SQL注入相关</title>
    <link>https://www.geekby.site/2021/01/sql%E6%B3%A8%E5%85%A5%E7%9B%B8%E5%85%B3%E7%9F%A5%E8%AF%86%E6%95%B4%E7%90%86/</link>
    <pubDate>Sat, 02 Jan 2021 17:01:00 &#43;0800</pubDate>
    <author>作者</author>
    <guid>https://www.geekby.site/2021/01/sql%E6%B3%A8%E5%85%A5%E7%9B%B8%E5%85%B3%E7%9F%A5%E8%AF%86%E6%95%B4%E7%90%86/</guid>
    <description><![CDATA[SQL注入相关知识整理]]></description>
</item><item>
    <title>CTF 中的命令执行漏洞</title>
    <link>https://www.geekby.site/2019/05/ctf%E4%B8%AD%E7%9A%84%E5%91%BD%E4%BB%A4%E6%89%A7%E8%A1%8C%E6%BC%8F%E6%B4%9E/</link>
    <pubDate>Fri, 31 May 2019 14:02:00 &#43;0800</pubDate>
    <author>作者</author>
    <guid>https://www.geekby.site/2019/05/ctf%E4%B8%AD%E7%9A%84%E5%91%BD%E4%BB%A4%E6%89%A7%E8%A1%8C%E6%BC%8F%E6%B4%9E/</guid>
    <description><![CDATA[CTF 中的命令执行漏洞相关知识整理]]></description>
</item></channel>
</rss>
