<rss xmlns:atom="http://www.w3.org/2005/Atom" version="2.0">
    <channel>
        <title>Druid - 标签 - Geekby&#39;s Blog</title>
        <link>https://www.geekby.site/tags/druid/</link>
        <description>Druid - 标签 - Geekby&#39;s Blog</description>
        <generator>Hugo -- gohugo.io</generator><language>zh-cn</language><managingEditor>admin@geekby.site (Geekby)</managingEditor>
            <webMaster>admin@geekby.site (Geekby)</webMaster><lastBuildDate>Tue, 02 Feb 2021 21:09:00 &#43;0800</lastBuildDate><atom:link href="https://www.geekby.site/tags/druid/" rel="self" type="application/rss+xml" /><item>
    <title>CVE-2021-25646 - Apache Druid RCE 复现</title>
    <link>https://www.geekby.site/2021/02/cve-2021-25646-druid%E8%BF%9C%E7%A8%8B%E5%91%BD%E4%BB%A4%E6%89%A7%E8%A1%8C%E6%BC%8F%E6%B4%9E%E5%A4%8D%E7%8E%B0/</link>
    <pubDate>Tue, 02 Feb 2021 21:09:00 &#43;0800</pubDate>
    <author>作者</author>
    <guid>https://www.geekby.site/2021/02/cve-2021-25646-druid%E8%BF%9C%E7%A8%8B%E5%91%BD%E4%BB%A4%E6%89%A7%E8%A1%8C%E6%BC%8F%E6%B4%9E%E5%A4%8D%E7%8E%B0/</guid>
    <description><![CDATA[CVE-2021-25646：Apache Druid RCE复现]]></description>
</item></channel>
</rss>
