<rss xmlns:atom="http://www.w3.org/2005/Atom" version="2.0">
    <channel>
        <title>Jackson-databind - 标签 - Geekby&#39;s Blog</title>
        <link>https://www.geekby.site/tags/jackson-databind/</link>
        <description>Jackson-databind - 标签 - Geekby&#39;s Blog</description>
        <generator>Hugo -- gohugo.io</generator><language>zh-cn</language><managingEditor>admin@geekby.site (Geekby)</managingEditor>
            <webMaster>admin@geekby.site (Geekby)</webMaster><lastBuildDate>Thu, 01 Aug 2019 15:00:00 &#43;0800</lastBuildDate><atom:link href="https://www.geekby.site/tags/jackson-databind/" rel="self" type="application/rss+xml" /><item>
    <title>CVE-2019-14361与CVE-2019-14379漏洞复现</title>
    <link>https://www.geekby.site/2019/08/cve-2019-14361cve-2019-14379%E6%BC%8F%E6%B4%9E%E5%A4%8D%E7%8E%B0/</link>
    <pubDate>Thu, 01 Aug 2019 15:00:00 &#43;0800</pubDate>
    <author>作者</author>
    <guid>https://www.geekby.site/2019/08/cve-2019-14361cve-2019-14379%E6%BC%8F%E6%B4%9E%E5%A4%8D%E7%8E%B0/</guid>
    <description><![CDATA[CVE-2019-14361 与 CVE-2019-14379 漏洞复现]]></description>
</item><item>
    <title>CVE-2019-12384：Jackson反序列化漏洞复现</title>
    <link>https://www.geekby.site/2019/07/jackson%E5%8F%8D%E5%BA%8F%E5%88%97%E5%8C%96%E6%BC%8F%E6%B4%9E%E5%A4%8D%E7%8E%B0/</link>
    <pubDate>Fri, 26 Jul 2019 13:00:00 &#43;0800</pubDate>
    <author>作者</author>
    <guid>https://www.geekby.site/2019/07/jackson%E5%8F%8D%E5%BA%8F%E5%88%97%E5%8C%96%E6%BC%8F%E6%B4%9E%E5%A4%8D%E7%8E%B0/</guid>
    <description><![CDATA[CVE-2019-12384：Jackson反序列化漏洞复现]]></description>
</item><item>
    <title>Jackson-databind 反序列化漏洞（CVE-2017-7525）</title>
    <link>https://www.geekby.site/2019/02/jackson-databind-%E5%8F%8D%E5%BA%8F%E5%88%97%E5%8C%96%E6%BC%8F%E6%B4%9Ecve-2017-7525/</link>
    <pubDate>Thu, 21 Feb 2019 19:00:00 &#43;0800</pubDate>
    <author>作者</author>
    <guid>https://www.geekby.site/2019/02/jackson-databind-%E5%8F%8D%E5%BA%8F%E5%88%97%E5%8C%96%E6%BC%8F%E6%B4%9Ecve-2017-7525/</guid>
    <description><![CDATA[Jackson-databind 反序列化漏洞（CVE-2017-7525）复现]]></description>
</item></channel>
</rss>
