<rss xmlns:atom="http://www.w3.org/2005/Atom" version="2.0">
    <channel>
        <title>WIFI - 标签 - Geekby&#39;s Blog</title>
        <link>https://www.geekby.site/tags/wifi/</link>
        <description>WIFI - 标签 - Geekby&#39;s Blog</description>
        <generator>Hugo -- gohugo.io</generator><language>zh-cn</language><managingEditor>admin@geekby.site (Geekby)</managingEditor>
            <webMaster>admin@geekby.site (Geekby)</webMaster><lastBuildDate>Fri, 01 Feb 2019 13:25:00 &#43;0800</lastBuildDate><atom:link href="https://www.geekby.site/tags/wifi/" rel="self" type="application/rss+xml" /><item>
    <title>WIFI 密码破解</title>
    <link>https://www.geekby.site/2019/02/wifi%E5%AF%86%E7%A0%81%E7%A0%B4%E8%A7%A3/</link>
    <pubDate>Fri, 01 Feb 2019 13:25:00 &#43;0800</pubDate>
    <author>作者</author>
    <guid>https://www.geekby.site/2019/02/wifi%E5%AF%86%E7%A0%81%E7%A0%B4%E8%A7%A3/</guid>
    <description><![CDATA[WIFI 安全相关整理]]></description>
</item></channel>
</rss>
