<rss xmlns:atom="http://www.w3.org/2005/Atom" version="2.0">
    <channel>
        <title>所有文章 - Geekby&#39;s Blog</title>
        <link>https://www.geekby.site/posts/</link>
        <description>所有文章 | Geekby&#39;s Blog</description>
        <generator>Hugo -- gohugo.io</generator><language>zh-cn</language><managingEditor>admin@geekby.site (Geekby)</managingEditor>
            <webMaster>admin@geekby.site (Geekby)</webMaster><lastBuildDate>Thu, 05 May 2022 15:23:00 &#43;0800</lastBuildDate><atom:link href="https://www.geekby.site/posts/" rel="self" type="application/rss+xml" /><item>
    <title>vCenter 漏洞利用</title>
    <link>https://www.geekby.site/2022/05/vcenter%E6%BC%8F%E6%B4%9E%E5%88%A9%E7%94%A8/</link>
    <pubDate>Thu, 05 May 2022 15:23:00 &#43;0800</pubDate>
    <author>作者</author>
    <guid>https://www.geekby.site/2022/05/vcenter%E6%BC%8F%E6%B4%9E%E5%88%A9%E7%94%A8/</guid>
    <description><![CDATA[vCenter 漏洞利用]]></description>
</item><item>
    <title>Spring beans RCE 漏洞分析</title>
    <link>https://www.geekby.site/2022/03/spring-beans-rce%E6%BC%8F%E6%B4%9E%E5%88%86%E6%9E%90/</link>
    <pubDate>Wed, 30 Mar 2022 15:23:00 &#43;0800</pubDate>
    <author>作者</author>
    <guid>https://www.geekby.site/2022/03/spring-beans-rce%E6%BC%8F%E6%B4%9E%E5%88%86%E6%9E%90/</guid>
    <description><![CDATA[Spring beans RCE 漏洞分析]]></description>
</item><item>
    <title>Zabbix 漏洞深入利用</title>
    <link>https://www.geekby.site/2022/03/zabbix%E6%BC%8F%E6%B4%9E%E6%B7%B1%E5%85%A5%E5%88%A9%E7%94%A8/</link>
    <pubDate>Mon, 21 Mar 2022 15:00:00 &#43;0800</pubDate>
    <author>作者</author>
    <guid>https://www.geekby.site/2022/03/zabbix%E6%BC%8F%E6%B4%9E%E6%B7%B1%E5%85%A5%E5%88%A9%E7%94%A8/</guid>
    <description><![CDATA[Zabbix 漏洞深入利用]]></description>
</item><item>
    <title>对象存储攻防案例</title>
    <link>https://www.geekby.site/2022/03/%E5%AF%B9%E8%B1%A1%E5%AD%98%E5%82%A8%E6%94%BB%E9%98%B2%E6%A1%88%E4%BE%8B/</link>
    <pubDate>Thu, 17 Mar 2022 15:23:00 &#43;0800</pubDate>
    <author>作者</author>
    <guid>https://www.geekby.site/2022/03/%E5%AF%B9%E8%B1%A1%E5%AD%98%E5%82%A8%E6%94%BB%E9%98%B2%E6%A1%88%E4%BE%8B/</guid>
    <description><![CDATA[对象存储攻防案例]]></description>
</item><item>
    <title>WAF Bypass</title>
    <link>https://www.geekby.site/2022/03/waf-bypass/</link>
    <pubDate>Fri, 04 Mar 2022 15:23:00 &#43;0800</pubDate>
    <author>作者</author>
    <guid>https://www.geekby.site/2022/03/waf-bypass/</guid>
    <description><![CDATA[WAF Bypass]]></description>
</item><item>
    <title>静态程序分析系列(二)</title>
    <link>https://www.geekby.site/2022/02/%E9%9D%99%E6%80%81%E7%A8%8B%E5%BA%8F%E5%88%86%E6%9E%90%E7%B3%BB%E5%88%97%E4%BA%8C/</link>
    <pubDate>Thu, 17 Feb 2022 10:23:00 &#43;0800</pubDate>
    <author>作者</author>
    <guid>https://www.geekby.site/2022/02/%E9%9D%99%E6%80%81%E7%A8%8B%E5%BA%8F%E5%88%86%E6%9E%90%E7%B3%BB%E5%88%97%E4%BA%8C/</guid>
    <description><![CDATA[静态程序分析(二) - 过程间分析]]></description>
</item><item>
    <title>CodeQL 基础</title>
    <link>https://www.geekby.site/2022/02/codeql%E5%9F%BA%E7%A1%80/</link>
    <pubDate>Tue, 15 Feb 2022 15:23:00 &#43;0800</pubDate>
    <author>作者</author>
    <guid>https://www.geekby.site/2022/02/codeql%E5%9F%BA%E7%A1%80/</guid>
    <description><![CDATA[CodeQL 基础]]></description>
</item><item>
    <title>静态程序分析系列(一)</title>
    <link>https://www.geekby.site/2022/02/%E9%9D%99%E6%80%81%E7%A8%8B%E5%BA%8F%E5%88%86%E6%9E%90%E7%B3%BB%E5%88%97%E4%B8%80/</link>
    <pubDate>Mon, 14 Feb 2022 15:23:00 &#43;0800</pubDate>
    <author>作者</author>
    <guid>https://www.geekby.site/2022/02/%E9%9D%99%E6%80%81%E7%A8%8B%E5%BA%8F%E5%88%86%E6%9E%90%E7%B3%BB%E5%88%97%E4%B8%80/</guid>
    <description><![CDATA[静态程序分析(一) - 静态程序基础&amp;数据流分析]]></description>
</item><item>
    <title>Java 本地命令执行漏洞</title>
    <link>https://www.geekby.site/2022/02/java%E6%9C%AC%E5%9C%B0%E5%91%BD%E4%BB%A4%E6%89%A7%E8%A1%8C%E6%BC%8F%E6%B4%9E/</link>
    <pubDate>Sun, 13 Feb 2022 15:23:00 &#43;0800</pubDate>
    <author>作者</author>
    <guid>https://www.geekby.site/2022/02/java%E6%9C%AC%E5%9C%B0%E5%91%BD%E4%BB%A4%E6%89%A7%E8%A1%8C%E6%BC%8F%E6%B4%9E/</guid>
    <description><![CDATA[历史文章整理 - Java 代码审计 - Java 本地命令执行漏洞]]></description>
</item><item>
    <title>Java 代码审计 - 背景</title>
    <link>https://www.geekby.site/2022/02/java%E4%BB%A3%E7%A0%81%E5%AE%A1%E8%AE%A1%E8%83%8C%E6%99%AF/</link>
    <pubDate>Sun, 13 Feb 2022 14:23:00 &#43;0800</pubDate>
    <author>作者</author>
    <guid>https://www.geekby.site/2022/02/java%E4%BB%A3%E7%A0%81%E5%AE%A1%E8%AE%A1%E8%83%8C%E6%99%AF/</guid>
    <description><![CDATA[历史文章整理 - Java 代码审计 - Java 代码审计背景介绍]]></description>
</item></channel>
</rss>
