<rss xmlns:atom="http://www.w3.org/2005/Atom" version="2.0">
    <channel>
        <title>靶场 - 标签 - Geekby&#39;s Blog</title>
        <link>https://www.geekby.site/tags/%E9%9D%B6%E5%9C%BA/</link>
        <description>靶场 - 标签 - Geekby&#39;s Blog</description>
        <generator>Hugo -- gohugo.io</generator><language>zh-cn</language><managingEditor>admin@geekby.site (Geekby)</managingEditor>
            <webMaster>admin@geekby.site (Geekby)</webMaster><lastBuildDate>Sat, 18 Apr 2020 14:17:00 &#43;0800</lastBuildDate><atom:link href="https://www.geekby.site/tags/%E9%9D%B6%E5%9C%BA/" rel="self" type="application/rss+xml" /><item>
    <title>VulnStack ATT&amp;CK 2 靶场</title>
    <link>https://www.geekby.site/2020/04/vulnstack-attck-2-%E9%9D%B6%E5%9C%BA/</link>
    <pubDate>Sat, 18 Apr 2020 14:17:00 &#43;0800</pubDate>
    <author>作者</author>
    <guid>https://www.geekby.site/2020/04/vulnstack-attck-2-%E9%9D%B6%E5%9C%BA/</guid>
    <description><![CDATA[VulnStack ATT&amp;CK 2 靶场练习记录]]></description>
</item><item>
    <title>VulnStack ATT&amp;CK 1 靶场</title>
    <link>https://www.geekby.site/2020/04/vulnstack-attck-1-%E9%9D%B6%E5%9C%BA/</link>
    <pubDate>Thu, 16 Apr 2020 11:50:00 &#43;0800</pubDate>
    <author>作者</author>
    <guid>https://www.geekby.site/2020/04/vulnstack-attck-1-%E9%9D%B6%E5%9C%BA/</guid>
    <description><![CDATA[VulnStack ATT&amp;CK 1 靶场练习记录]]></description>
</item><item>
    <title>VulnStack ATT&amp;CK 5 靶场</title>
    <link>https://www.geekby.site/2020/03/vulnstack-attck-5-%E9%9D%B6%E5%9C%BA/</link>
    <pubDate>Mon, 23 Mar 2020 14:38:00 &#43;0800</pubDate>
    <author>作者</author>
    <guid>https://www.geekby.site/2020/03/vulnstack-attck-5-%E9%9D%B6%E5%9C%BA/</guid>
    <description><![CDATA[VulnStack ATT&amp;CK 5 靶场练习记录]]></description>
</item></channel>
</rss>
