<rss xmlns:atom="http://www.w3.org/2005/Atom" version="2.0">
    <channel>
        <title>SaltStack - 标签 - Geekby&#39;s Blog</title>
        <link>https://www.geekby.site/tags/saltstack/</link>
        <description>SaltStack - 标签 - Geekby&#39;s Blog</description>
        <generator>Hugo -- gohugo.io</generator><language>zh-cn</language><managingEditor>admin@geekby.site (Geekby)</managingEditor>
            <webMaster>admin@geekby.site (Geekby)</webMaster><lastBuildDate>Wed, 13 May 2020 17:01:00 &#43;0800</lastBuildDate><atom:link href="https://www.geekby.site/tags/saltstack/" rel="self" type="application/rss+xml" /><item>
    <title>SaltStack 远程命令执行漏洞复现（CVE-2020-11651）</title>
    <link>https://www.geekby.site/2020/05/saltstack-%E8%BF%9C%E7%A8%8B%E5%91%BD%E4%BB%A4%E6%89%A7%E8%A1%8C%E6%BC%8F%E6%B4%9E%E5%A4%8D%E7%8E%B0cve-2020-11651/</link>
    <pubDate>Wed, 13 May 2020 17:01:00 &#43;0800</pubDate>
    <author>作者</author>
    <guid>https://www.geekby.site/2020/05/saltstack-%E8%BF%9C%E7%A8%8B%E5%91%BD%E4%BB%A4%E6%89%A7%E8%A1%8C%E6%BC%8F%E6%B4%9E%E5%A4%8D%E7%8E%B0cve-2020-11651/</guid>
    <description><![CDATA[SaltStack 远程命令执行漏洞复现（CVE-2020-11651）]]></description>
</item></channel>
</rss>
