<rss xmlns:atom="http://www.w3.org/2005/Atom" version="2.0">
    <channel>
        <title>Docker - 标签 - Geekby&#39;s Blog</title>
        <link>https://www.geekby.site/tags/docker/</link>
        <description>Docker - 标签 - Geekby&#39;s Blog</description>
        <generator>Hugo -- gohugo.io</generator><language>zh-cn</language><managingEditor>admin@geekby.site (Geekby)</managingEditor>
            <webMaster>admin@geekby.site (Geekby)</webMaster><lastBuildDate>Wed, 10 Nov 2021 15:23:00 &#43;0800</lastBuildDate><atom:link href="https://www.geekby.site/tags/docker/" rel="self" type="application/rss+xml" /><item>
    <title>容器安全</title>
    <link>https://www.geekby.site/2021/11/%E5%AE%B9%E5%99%A8%E5%AE%89%E5%85%A8/</link>
    <pubDate>Wed, 10 Nov 2021 15:23:00 &#43;0800</pubDate>
    <author>作者</author>
    <guid>https://www.geekby.site/2021/11/%E5%AE%B9%E5%99%A8%E5%AE%89%E5%85%A8/</guid>
    <description><![CDATA[云原生安全(一) - 容器基础设施的安全风险分析]]></description>
</item><item>
    <title>Docker 核心技术</title>
    <link>https://www.geekby.site/2021/10/docker%E6%A0%B8%E5%BF%83%E6%8A%80%E6%9C%AF/</link>
    <pubDate>Thu, 21 Oct 2021 20:23:00 &#43;0800</pubDate>
    <author>作者</author>
    <guid>https://www.geekby.site/2021/10/docker%E6%A0%B8%E5%BF%83%E6%8A%80%E6%9C%AF/</guid>
    <description><![CDATA[云原生安全前言(一) - docker 核心技术简介]]></description>
</item><item>
    <title>Docker 逃逸相关总结</title>
    <link>https://www.geekby.site/2021/02/docker%E9%80%83%E9%80%B8%E7%9B%B8%E5%85%B3%E6%80%BB%E7%BB%93/</link>
    <pubDate>Wed, 03 Feb 2021 09:39:00 &#43;0800</pubDate>
    <author>作者</author>
    <guid>https://www.geekby.site/2021/02/docker%E9%80%83%E9%80%B8%E7%9B%B8%E5%85%B3%E6%80%BB%E7%BB%93/</guid>
    <description><![CDATA[Docker 逃逸相关总结]]></description>
</item></channel>
</rss>
