<rss xmlns:atom="http://www.w3.org/2005/Atom" version="2.0">
    <channel>
        <title>认证 - 标签 - Geekby&#39;s Blog</title>
        <link>https://www.geekby.site/tags/%E8%AE%A4%E8%AF%81/</link>
        <description>认证 - 标签 - Geekby&#39;s Blog</description>
        <generator>Hugo -- gohugo.io</generator><language>zh-cn</language><managingEditor>admin@geekby.site (Geekby)</managingEditor>
            <webMaster>admin@geekby.site (Geekby)</webMaster><lastBuildDate>Sun, 07 Jul 2019 17:24:00 &#43;0800</lastBuildDate><atom:link href="https://www.geekby.site/tags/%E8%AE%A4%E8%AF%81/" rel="self" type="application/rss+xml" /><item>
    <title>Windows 认证</title>
    <link>https://www.geekby.site/2019/07/windows-%E8%AE%A4%E8%AF%81/</link>
    <pubDate>Sun, 07 Jul 2019 17:24:00 &#43;0800</pubDate>
    <author>作者</author>
    <guid>https://www.geekby.site/2019/07/windows-%E8%AE%A4%E8%AF%81/</guid>
    <description><![CDATA[Windows认证相关]]></description>
</item></channel>
</rss>
