<rss xmlns:atom="http://www.w3.org/2005/Atom" version="2.0">
    <channel>
        <title>Tags - 标签 - Geekby&#39;s Blog</title>
        <link>https://www.geekby.site/tags/</link>
        <description>Tags - 标签 - Geekby&#39;s Blog</description>
        <generator>Hugo -- gohugo.io</generator><language>zh-cn</language><managingEditor>admin@geekby.site (Geekby)</managingEditor>
            <webMaster>admin@geekby.site (Geekby)</webMaster><lastBuildDate>Thu, 05 May 2022 15:23:00 &#43;0800</lastBuildDate><atom:link href="https://www.geekby.site/tags/" rel="self" type="application/rss+xml" /><item>
    <title>渗透测试</title>
    <link>https://www.geekby.site/tags/%E6%B8%97%E9%80%8F%E6%B5%8B%E8%AF%95/</link>
    <pubDate>Thu, 05 May 2022 15:23:00 &#43;0800</pubDate>
    <author>作者</author>
    <guid>https://www.geekby.site/tags/%E6%B8%97%E9%80%8F%E6%B5%8B%E8%AF%95/</guid>
    <description><![CDATA[]]></description>
</item><item>
    <title>漏洞复现</title>
    <link>https://www.geekby.site/tags/%E6%BC%8F%E6%B4%9E%E5%A4%8D%E7%8E%B0/</link>
    <pubDate>Wed, 30 Mar 2022 15:23:00 &#43;0800</pubDate>
    <author>作者</author>
    <guid>https://www.geekby.site/tags/%E6%BC%8F%E6%B4%9E%E5%A4%8D%E7%8E%B0/</guid>
    <description><![CDATA[]]></description>
</item><item>
    <title>Zabbix</title>
    <link>https://www.geekby.site/tags/zabbix/</link>
    <pubDate>Mon, 21 Mar 2022 15:00:00 &#43;0800</pubDate>
    <author>作者</author>
    <guid>https://www.geekby.site/tags/zabbix/</guid>
    <description><![CDATA[]]></description>
</item><item>
    <title>静态程序分析</title>
    <link>https://www.geekby.site/tags/%E9%9D%99%E6%80%81%E7%A8%8B%E5%BA%8F%E5%88%86%E6%9E%90/</link>
    <pubDate>Thu, 17 Feb 2022 10:23:00 &#43;0800</pubDate>
    <author>作者</author>
    <guid>https://www.geekby.site/tags/%E9%9D%99%E6%80%81%E7%A8%8B%E5%BA%8F%E5%88%86%E6%9E%90/</guid>
    <description><![CDATA[]]></description>
</item><item>
    <title>代码审计</title>
    <link>https://www.geekby.site/tags/%E4%BB%A3%E7%A0%81%E5%AE%A1%E8%AE%A1/</link>
    <pubDate>Tue, 15 Feb 2022 15:23:00 &#43;0800</pubDate>
    <author>作者</author>
    <guid>https://www.geekby.site/tags/%E4%BB%A3%E7%A0%81%E5%AE%A1%E8%AE%A1/</guid>
    <description><![CDATA[]]></description>
</item><item>
    <title>内网渗透</title>
    <link>https://www.geekby.site/tags/%E5%86%85%E7%BD%91%E6%B8%97%E9%80%8F/</link>
    <pubDate>Sun, 12 Dec 2021 16:31:00 &#43;0800</pubDate>
    <author>作者</author>
    <guid>https://www.geekby.site/tags/%E5%86%85%E7%BD%91%E6%B8%97%E9%80%8F/</guid>
    <description><![CDATA[]]></description>
</item><item>
    <title>域安全</title>
    <link>https://www.geekby.site/tags/%E5%9F%9F%E5%AE%89%E5%85%A8/</link>
    <pubDate>Sun, 12 Dec 2021 16:31:00 &#43;0800</pubDate>
    <author>作者</author>
    <guid>https://www.geekby.site/tags/%E5%9F%9F%E5%AE%89%E5%85%A8/</guid>
    <description><![CDATA[]]></description>
</item><item>
    <title>k8s</title>
    <link>https://www.geekby.site/tags/k8s/</link>
    <pubDate>Tue, 30 Nov 2021 15:23:00 &#43;0800</pubDate>
    <author>作者</author>
    <guid>https://www.geekby.site/tags/k8s/</guid>
    <description><![CDATA[]]></description>
</item><item>
    <title>云原生安全</title>
    <link>https://www.geekby.site/tags/%E4%BA%91%E5%8E%9F%E7%94%9F%E5%AE%89%E5%85%A8/</link>
    <pubDate>Tue, 30 Nov 2021 15:23:00 &#43;0800</pubDate>
    <author>作者</author>
    <guid>https://www.geekby.site/tags/%E4%BA%91%E5%8E%9F%E7%94%9F%E5%AE%89%E5%85%A8/</guid>
    <description><![CDATA[]]></description>
</item><item>
    <title>JavaScript</title>
    <link>https://www.geekby.site/tags/javascript/</link>
    <pubDate>Thu, 18 Nov 2021 09:09:00 &#43;0800</pubDate>
    <author>作者</author>
    <guid>https://www.geekby.site/tags/javascript/</guid>
    <description><![CDATA[]]></description>
</item></channel>
</rss>
