<rss xmlns:atom="http://www.w3.org/2005/Atom" version="2.0">
    <channel>
        <title>JavaScript - 标签 - Geekby&#39;s Blog</title>
        <link>https://www.geekby.site/tags/javascript/</link>
        <description>JavaScript - 标签 - Geekby&#39;s Blog</description>
        <generator>Hugo -- gohugo.io</generator><language>zh-cn</language><managingEditor>admin@geekby.site (Geekby)</managingEditor>
            <webMaster>admin@geekby.site (Geekby)</webMaster><lastBuildDate>Thu, 18 Nov 2021 09:09:00 &#43;0800</lastBuildDate><atom:link href="https://www.geekby.site/tags/javascript/" rel="self" type="application/rss+xml" /><item>
    <title>JavaScript 反混淆</title>
    <link>https://www.geekby.site/2021/11/javascript%E5%8F%8D%E6%B7%B7%E6%B7%86/</link>
    <pubDate>Thu, 18 Nov 2021 09:09:00 &#43;0800</pubDate>
    <author>作者</author>
    <guid>https://www.geekby.site/2021/11/javascript%E5%8F%8D%E6%B7%B7%E6%B7%86/</guid>
    <description><![CDATA[JavaScript 反混淆]]></description>
</item></channel>
</rss>
