<rss xmlns:atom="http://www.w3.org/2005/Atom" version="2.0">
    <channel>
        <title>提权 - 标签 - Geekby&#39;s Blog</title>
        <link>https://www.geekby.site/tags/%E6%8F%90%E6%9D%83/</link>
        <description>提权 - 标签 - Geekby&#39;s Blog</description>
        <generator>Hugo -- gohugo.io</generator><language>zh-cn</language><managingEditor>admin@geekby.site (Geekby)</managingEditor>
            <webMaster>admin@geekby.site (Geekby)</webMaster><lastBuildDate>Tue, 26 Jan 2021 09:05:00 &#43;0800</lastBuildDate><atom:link href="https://www.geekby.site/tags/%E6%8F%90%E6%9D%83/" rel="self" type="application/rss+xml" /><item>
    <title>Windows 提权方式总结</title>
    <link>https://www.geekby.site/2021/01/windows%E6%8F%90%E6%9D%83%E6%96%B9%E5%BC%8F%E6%80%BB%E7%BB%93/</link>
    <pubDate>Tue, 26 Jan 2021 09:05:00 &#43;0800</pubDate>
    <author>作者</author>
    <guid>https://www.geekby.site/2021/01/windows%E6%8F%90%E6%9D%83%E6%96%B9%E5%BC%8F%E6%80%BB%E7%BB%93/</guid>
    <description><![CDATA[Windows 提权方式总结]]></description>
</item><item>
    <title>MSSQL 注入与提权方法整理</title>
    <link>https://www.geekby.site/2021/01/mssql%E6%B3%A8%E5%85%A5%E4%B8%8E%E6%8F%90%E6%9D%83%E6%96%B9%E6%B3%95%E6%95%B4%E7%90%86/</link>
    <pubDate>Wed, 20 Jan 2021 09:53:00 &#43;0800</pubDate>
    <author>作者</author>
    <guid>https://www.geekby.site/2021/01/mssql%E6%B3%A8%E5%85%A5%E4%B8%8E%E6%8F%90%E6%9D%83%E6%96%B9%E6%B3%95%E6%95%B4%E7%90%86/</guid>
    <description><![CDATA[MSSQL 注入与提权方法整理]]></description>
</item><item>
    <title>MySQL 提权方法整理</title>
    <link>https://www.geekby.site/2021/01/mysql%E6%8F%90%E6%9D%83%E6%96%B9%E6%B3%95%E6%95%B4%E7%90%86/</link>
    <pubDate>Tue, 19 Jan 2021 13:25:00 &#43;0800</pubDate>
    <author>作者</author>
    <guid>https://www.geekby.site/2021/01/mysql%E6%8F%90%E6%9D%83%E6%96%B9%E6%B3%95%E6%95%B4%E7%90%86/</guid>
    <description><![CDATA[MySQL 提权方法整理]]></description>
</item><item>
    <title>Potato 家族提权分析</title>
    <link>https://www.geekby.site/2020/08/potato%E5%AE%B6%E6%97%8F%E6%8F%90%E6%9D%83%E5%88%86%E6%9E%90/</link>
    <pubDate>Sat, 15 Aug 2020 09:05:00 &#43;0800</pubDate>
    <author>作者</author>
    <guid>https://www.geekby.site/2020/08/potato%E5%AE%B6%E6%97%8F%E6%8F%90%E6%9D%83%E5%88%86%E6%9E%90/</guid>
    <description><![CDATA[Potato 家族提权分析]]></description>
</item><item>
    <title>in.security 提权靶场</title>
    <link>https://www.geekby.site/2019/10/lin.security%E6%8F%90%E6%9D%83%E9%9D%B6%E5%9C%BA/</link>
    <pubDate>Thu, 31 Oct 2019 09:00:00 &#43;0800</pubDate>
    <author>作者</author>
    <guid>https://www.geekby.site/2019/10/lin.security%E6%8F%90%E6%9D%83%E9%9D%B6%E5%9C%BA/</guid>
    <description><![CDATA[in.security 提权靶场]]></description>
</item></channel>
</rss>
