<rss xmlns:atom="http://www.w3.org/2005/Atom" version="2.0">
    <channel>
        <title>Tips - 标签 - Geekby&#39;s Blog</title>
        <link>https://www.geekby.site/tags/tips/</link>
        <description>Tips - 标签 - Geekby&#39;s Blog</description>
        <generator>Hugo -- gohugo.io</generator><language>zh-cn</language><managingEditor>admin@geekby.site (Geekby)</managingEditor>
            <webMaster>admin@geekby.site (Geekby)</webMaster><lastBuildDate>Sun, 28 Jul 2019 09:39:00 &#43;0800</lastBuildDate><atom:link href="https://www.geekby.site/tags/tips/" rel="self" type="application/rss+xml" /><item>
    <title>MyJSRat结合CHM命令执行</title>
    <link>https://www.geekby.site/2019/07/myjsrat%E7%BB%93%E5%90%88chm%E5%91%BD%E4%BB%A4%E6%89%A7%E8%A1%8C/</link>
    <pubDate>Sun, 28 Jul 2019 09:39:00 &#43;0800</pubDate>
    <author>作者</author>
    <guid>https://www.geekby.site/2019/07/myjsrat%E7%BB%93%E5%90%88chm%E5%91%BD%E4%BB%A4%E6%89%A7%E8%A1%8C/</guid>
    <description><![CDATA[MyJSRat结合CHM命令执行]]></description>
</item></channel>
</rss>
