<rss xmlns:atom="http://www.w3.org/2005/Atom" version="2.0">
    <channel>
        <title>横向移动 - 标签 - Geekby&#39;s Blog</title>
        <link>https://www.geekby.site/tags/%E6%A8%AA%E5%90%91%E7%A7%BB%E5%8A%A8/</link>
        <description>横向移动 - 标签 - Geekby&#39;s Blog</description>
        <generator>Hugo -- gohugo.io</generator><language>zh-cn</language><managingEditor>admin@geekby.site (Geekby)</managingEditor>
            <webMaster>admin@geekby.site (Geekby)</webMaster><lastBuildDate>Mon, 17 Feb 2020 11:25:00 &#43;0800</lastBuildDate><atom:link href="https://www.geekby.site/tags/%E6%A8%AA%E5%90%91%E7%A7%BB%E5%8A%A8/" rel="self" type="application/rss+xml" /><item>
    <title>域内横向移动分析</title>
    <link>https://www.geekby.site/2020/02/%E5%9F%9F%E5%86%85%E6%A8%AA%E5%90%91%E7%A7%BB%E5%8A%A8%E5%88%86%E6%9E%90/</link>
    <pubDate>Mon, 17 Feb 2020 11:25:00 &#43;0800</pubDate>
    <author>作者</author>
    <guid>https://www.geekby.site/2020/02/%E5%9F%9F%E5%86%85%E6%A8%AA%E5%90%91%E7%A7%BB%E5%8A%A8%E5%88%86%E6%9E%90/</guid>
    <description><![CDATA[域内横向移动分析相关]]></description>
</item></channel>
</rss>
