<rss xmlns:atom="http://www.w3.org/2005/Atom" version="2.0">
    <channel>
        <title>CTF - 标签 - Geekby&#39;s Blog</title>
        <link>https://www.geekby.site/tags/ctf/</link>
        <description>CTF - 标签 - Geekby&#39;s Blog</description>
        <generator>Hugo -- gohugo.io</generator><language>zh-cn</language><managingEditor>admin@geekby.site (Geekby)</managingEditor>
            <webMaster>admin@geekby.site (Geekby)</webMaster><lastBuildDate>Thu, 30 May 2019 16:20:00 &#43;0800</lastBuildDate><atom:link href="https://www.geekby.site/tags/ctf/" rel="self" type="application/rss+xml" /><item>
    <title>PHP 文件包含漏洞</title>
    <link>https://www.geekby.site/2019/05/php%E6%96%87%E4%BB%B6%E5%8C%85%E5%90%AB%E6%BC%8F%E6%B4%9E/</link>
    <pubDate>Thu, 30 May 2019 16:20:00 &#43;0800</pubDate>
    <author>作者</author>
    <guid>https://www.geekby.site/2019/05/php%E6%96%87%E4%BB%B6%E5%8C%85%E5%90%AB%E6%BC%8F%E6%B4%9E/</guid>
    <description><![CDATA[PHP 文件包含漏洞相关知识整理]]></description>
</item><item>
    <title>CTF 中的 PHP 代码审计</title>
    <link>https://www.geekby.site/2019/03/ctf%E4%B8%AD%E7%9A%84php%E4%BB%A3%E7%A0%81%E5%AE%A1%E8%AE%A1/</link>
    <pubDate>Sun, 17 Mar 2019 19:15:00 &#43;0800</pubDate>
    <author>作者</author>
    <guid>https://www.geekby.site/2019/03/ctf%E4%B8%AD%E7%9A%84php%E4%BB%A3%E7%A0%81%E5%AE%A1%E8%AE%A1/</guid>
    <description><![CDATA[CTF 中的 PHP 代码审计相关整理]]></description>
</item></channel>
</rss>
