<rss xmlns:atom="http://www.w3.org/2005/Atom" version="2.0">
    <channel>
        <title>域信任关系 - 标签 - Geekby&#39;s Blog</title>
        <link>https://www.geekby.site/tags/%E5%9F%9F%E4%BF%A1%E4%BB%BB%E5%85%B3%E7%B3%BB/</link>
        <description>域信任关系 - 标签 - Geekby&#39;s Blog</description>
        <generator>Hugo -- gohugo.io</generator><language>zh-cn</language><managingEditor>admin@geekby.site (Geekby)</managingEditor>
            <webMaster>admin@geekby.site (Geekby)</webMaster><lastBuildDate>Tue, 05 May 2020 10:38:00 &#43;0800</lastBuildDate><atom:link href="https://www.geekby.site/tags/%E5%9F%9F%E4%BF%A1%E4%BB%BB%E5%85%B3%E7%B3%BB/" rel="self" type="application/rss+xml" /><item>
    <title>基于域信任关系的域攻击</title>
    <link>https://www.geekby.site/2020/05/%E5%9F%BA%E4%BA%8E%E5%9F%9F%E4%BF%A1%E4%BB%BB%E5%85%B3%E7%B3%BB%E7%9A%84%E5%9F%9F%E6%94%BB%E5%87%BB/</link>
    <pubDate>Tue, 05 May 2020 10:38:00 &#43;0800</pubDate>
    <author>作者</author>
    <guid>https://www.geekby.site/2020/05/%E5%9F%BA%E4%BA%8E%E5%9F%9F%E4%BF%A1%E4%BB%BB%E5%85%B3%E7%B3%BB%E7%9A%84%E5%9F%9F%E6%94%BB%E5%87%BB/</guid>
    <description><![CDATA[基于域信任关系的域攻击原理及实验]]></description>
</item></channel>
</rss>
