<rss xmlns:atom="http://www.w3.org/2005/Atom" version="2.0">
    <channel>
        <title>RDP - 标签 - Geekby&#39;s Blog</title>
        <link>https://www.geekby.site/tags/rdp/</link>
        <description>RDP - 标签 - Geekby&#39;s Blog</description>
        <generator>Hugo -- gohugo.io</generator><language>zh-cn</language><managingEditor>admin@geekby.site (Geekby)</managingEditor>
            <webMaster>admin@geekby.site (Geekby)</webMaster><lastBuildDate>Fri, 22 Jan 2021 09:12:00 &#43;0800</lastBuildDate><atom:link href="https://www.geekby.site/tags/rdp/" rel="self" type="application/rss+xml" /><item>
    <title>红蓝对抗中 RDP 协议的利用</title>
    <link>https://www.geekby.site/2021/01/%E7%BA%A2%E8%93%9D%E5%AF%B9%E6%8A%97%E4%B8%ADrdp%E5%8D%8F%E8%AE%AE%E7%9A%84%E5%88%A9%E7%94%A8/</link>
    <pubDate>Fri, 22 Jan 2021 09:12:00 &#43;0800</pubDate>
    <author>作者</author>
    <guid>https://www.geekby.site/2021/01/%E7%BA%A2%E8%93%9D%E5%AF%B9%E6%8A%97%E4%B8%ADrdp%E5%8D%8F%E8%AE%AE%E7%9A%84%E5%88%A9%E7%94%A8/</guid>
    <description><![CDATA[红蓝对抗中 RDP 协议的利用思路整理]]></description>
</item><item>
    <title>CVE-2019-0708远程桌面代码执行漏洞复现</title>
    <link>https://www.geekby.site/2019/09/cve-2019-0708%E8%BF%9C%E7%A8%8B%E6%A1%8C%E9%9D%A2%E4%BB%A3%E7%A0%81%E6%89%A7%E8%A1%8C%E6%BC%8F%E6%B4%9E%E5%A4%8D%E7%8E%B0/</link>
    <pubDate>Sat, 07 Sep 2019 09:00:00 &#43;0800</pubDate>
    <author>作者</author>
    <guid>https://www.geekby.site/2019/09/cve-2019-0708%E8%BF%9C%E7%A8%8B%E6%A1%8C%E9%9D%A2%E4%BB%A3%E7%A0%81%E6%89%A7%E8%A1%8C%E6%BC%8F%E6%B4%9E%E5%A4%8D%E7%8E%B0/</guid>
    <description><![CDATA[CVE-2019-0708 远程桌面代码执行漏洞复现]]></description>
</item></channel>
</rss>
