<rss xmlns:atom="http://www.w3.org/2005/Atom" version="2.0">
    <channel>
        <title>NTLM - 标签 - Geekby&#39;s Blog</title>
        <link>https://www.geekby.site/tags/ntlm/</link>
        <description>NTLM - 标签 - Geekby&#39;s Blog</description>
        <generator>Hugo -- gohugo.io</generator><language>zh-cn</language><managingEditor>admin@geekby.site (Geekby)</managingEditor>
            <webMaster>admin@geekby.site (Geekby)</webMaster><lastBuildDate>Fri, 24 Sep 2021 22:13:00 &#43;0800</lastBuildDate><atom:link href="https://www.geekby.site/tags/ntlm/" rel="self" type="application/rss+xml" /><item>
    <title>NTLM Relay</title>
    <link>https://www.geekby.site/2021/09/ntlm-relay/</link>
    <pubDate>Fri, 24 Sep 2021 22:13:00 &#43;0800</pubDate>
    <author>作者</author>
    <guid>https://www.geekby.site/2021/09/ntlm-relay/</guid>
    <description><![CDATA[本文翻译自 hackndo 的 NTLM Relay，之前在学习 NTLM Relay 时参考过，现在拿出来 remark 一下]]></description>
</item><item>
    <title>NTLM Relay</title>
    <link>https://www.geekby.site/2020/05/ntlm-%E4%B8%AD%E9%97%B4%E4%BA%BA%E6%94%BB%E5%87%BB/</link>
    <pubDate>Sat, 09 May 2020 10:38:00 &#43;0800</pubDate>
    <author>作者</author>
    <guid>https://www.geekby.site/2020/05/ntlm-%E4%B8%AD%E9%97%B4%E4%BA%BA%E6%94%BB%E5%87%BB/</guid>
    <description><![CDATA[NTLM 中间人攻击原理及实验]]></description>
</item><item>
    <title>获取 NTLM</title>
    <link>https://www.geekby.site/2020/05/%E8%8E%B7%E5%8F%96-ntlm/</link>
    <pubDate>Sat, 09 May 2020 10:38:00 &#43;0800</pubDate>
    <author>作者</author>
    <guid>https://www.geekby.site/2020/05/%E8%8E%B7%E5%8F%96-ntlm/</guid>
    <description><![CDATA[获取 NTLM]]></description>
</item></channel>
</rss>
