<rss xmlns:atom="http://www.w3.org/2005/Atom" version="2.0">
    <channel>
        <title>服务漏洞 - 标签 - Geekby&#39;s Blog</title>
        <link>https://www.geekby.site/tags/%E6%9C%8D%E5%8A%A1%E6%BC%8F%E6%B4%9E/</link>
        <description>服务漏洞 - 标签 - Geekby&#39;s Blog</description>
        <generator>Hugo -- gohugo.io</generator><language>zh-cn</language><managingEditor>admin@geekby.site (Geekby)</managingEditor>
            <webMaster>admin@geekby.site (Geekby)</webMaster><lastBuildDate>Wed, 13 May 2020 15:09:00 &#43;0800</lastBuildDate><atom:link href="https://www.geekby.site/tags/%E6%9C%8D%E5%8A%A1%E6%BC%8F%E6%B4%9E/" rel="self" type="application/rss+xml" /><item>
    <title>常见服务类漏洞</title>
    <link>https://www.geekby.site/2020/05/%E5%B8%B8%E8%A7%81%E6%9C%8D%E5%8A%A1%E7%B1%BB%E6%BC%8F%E6%B4%9E/</link>
    <pubDate>Wed, 13 May 2020 15:09:00 &#43;0800</pubDate>
    <author>作者</author>
    <guid>https://www.geekby.site/2020/05/%E5%B8%B8%E8%A7%81%E6%9C%8D%E5%8A%A1%E7%B1%BB%E6%BC%8F%E6%B4%9E/</guid>
    <description><![CDATA[常见服务类漏洞介绍及利用过程]]></description>
</item></channel>
</rss>
