<rss xmlns:atom="http://www.w3.org/2005/Atom" version="2.0">
    <channel>
        <title>域委派 - 标签 - Geekby&#39;s Blog</title>
        <link>https://www.geekby.site/tags/%E5%9F%9F%E5%A7%94%E6%B4%BE/</link>
        <description>域委派 - 标签 - Geekby&#39;s Blog</description>
        <generator>Hugo -- gohugo.io</generator><language>zh-cn</language><managingEditor>admin@geekby.site (Geekby)</managingEditor>
            <webMaster>admin@geekby.site (Geekby)</webMaster><lastBuildDate>Wed, 06 May 2020 11:00:00 &#43;0800</lastBuildDate><atom:link href="https://www.geekby.site/tags/%E5%9F%9F%E5%A7%94%E6%B4%BE/" rel="self" type="application/rss+xml" /><item>
    <title>基于域委派的攻击</title>
    <link>https://www.geekby.site/2020/05/%E5%9F%BA%E4%BA%8E%E5%9F%9F%E5%A7%94%E6%B4%BE%E7%9A%84%E6%94%BB%E5%87%BB/</link>
    <pubDate>Wed, 06 May 2020 11:00:00 &#43;0800</pubDate>
    <author>作者</author>
    <guid>https://www.geekby.site/2020/05/%E5%9F%BA%E4%BA%8E%E5%9F%9F%E5%A7%94%E6%B4%BE%E7%9A%84%E6%94%BB%E5%87%BB/</guid>
    <description><![CDATA[基于域委派的攻击原理及实验]]></description>
</item></channel>
</rss>
