<rss xmlns:atom="http://www.w3.org/2005/Atom" version="2.0">
    <channel>
        <title>应急响应 - 标签 - Geekby&#39;s Blog</title>
        <link>https://www.geekby.site/tags/%E5%BA%94%E6%80%A5%E5%93%8D%E5%BA%94/</link>
        <description>应急响应 - 标签 - Geekby&#39;s Blog</description>
        <generator>Hugo -- gohugo.io</generator><language>zh-cn</language><managingEditor>admin@geekby.site (Geekby)</managingEditor>
            <webMaster>admin@geekby.site (Geekby)</webMaster><lastBuildDate>Sun, 07 Mar 2021 08:00:00 &#43;0800</lastBuildDate><atom:link href="https://www.geekby.site/tags/%E5%BA%94%E6%80%A5%E5%93%8D%E5%BA%94/" rel="self" type="application/rss+xml" /><item>
    <title>应急响应</title>
    <link>https://www.geekby.site/2021/03/%E5%BA%94%E6%80%A5%E5%93%8D%E5%BA%94/</link>
    <pubDate>Sun, 07 Mar 2021 08:00:00 &#43;0800</pubDate>
    <author>作者</author>
    <guid>https://www.geekby.site/2021/03/%E5%BA%94%E6%80%A5%E5%93%8D%E5%BA%94/</guid>
    <description><![CDATA[应急响应]]></description>
</item></channel>
</rss>
