<rss xmlns:atom="http://www.w3.org/2005/Atom" version="2.0">
    <channel>
        <title>信息收集 - 标签 - Geekby&#39;s Blog</title>
        <link>https://www.geekby.site/tags/%E4%BF%A1%E6%81%AF%E6%94%B6%E9%9B%86/</link>
        <description>信息收集 - 标签 - Geekby&#39;s Blog</description>
        <generator>Hugo -- gohugo.io</generator><language>zh-cn</language><managingEditor>admin@geekby.site (Geekby)</managingEditor>
            <webMaster>admin@geekby.site (Geekby)</webMaster><lastBuildDate>Thu, 13 Feb 2020 12:01:00 &#43;0800</lastBuildDate><atom:link href="https://www.geekby.site/tags/%E4%BF%A1%E6%81%AF%E6%94%B6%E9%9B%86/" rel="self" type="application/rss+xml" /><item>
    <title>内网信息收集</title>
    <link>https://www.geekby.site/2020/02/%E5%86%85%E7%BD%91%E4%BF%A1%E6%81%AF%E6%94%B6%E9%9B%86/</link>
    <pubDate>Thu, 13 Feb 2020 12:01:00 &#43;0800</pubDate>
    <author>作者</author>
    <guid>https://www.geekby.site/2020/02/%E5%86%85%E7%BD%91%E4%BF%A1%E6%81%AF%E6%94%B6%E9%9B%86/</guid>
    <description><![CDATA[内网信息收集命令手册]]></description>
</item></channel>
</rss>
