<rss xmlns:atom="http://www.w3.org/2005/Atom" version="2.0">
    <channel>
        <title>Log4j SocketServer - 标签 - Geekby&#39;s Blog</title>
        <link>https://www.geekby.site/tags/log4j-socketserver/</link>
        <description>Log4j SocketServer - 标签 - Geekby&#39;s Blog</description>
        <generator>Hugo -- gohugo.io</generator><language>zh-cn</language><managingEditor>admin@geekby.site (Geekby)</managingEditor>
            <webMaster>admin@geekby.site (Geekby)</webMaster><lastBuildDate>Mon, 30 Dec 2019 09:39:00 &#43;0800</lastBuildDate><atom:link href="https://www.geekby.site/tags/log4j-socketserver/" rel="self" type="application/rss+xml" /><item>
    <title>Apache Log4j SocketServer反序列化漏洞复现</title>
    <link>https://www.geekby.site/2019/12/apache-log4j-socketserver%E5%8F%8D%E5%BA%8F%E5%88%97%E5%8C%96%E6%BC%8F%E6%B4%9Ecve-2019-17571/</link>
    <pubDate>Mon, 30 Dec 2019 09:39:00 &#43;0800</pubDate>
    <author>作者</author>
    <guid>https://www.geekby.site/2019/12/apache-log4j-socketserver%E5%8F%8D%E5%BA%8F%E5%88%97%E5%8C%96%E6%BC%8F%E6%B4%9Ecve-2019-17571/</guid>
    <description><![CDATA[Apache Log4j SocketServer反序列化漏洞复现]]></description>
</item></channel>
</rss>
