<rss xmlns:atom="http://www.w3.org/2005/Atom" version="2.0">
    <channel>
        <title>vulhub - 分类 - Geekby&#39;s Blog</title>
        <link>https://www.geekby.site/categories/vulhub/</link>
        <description>vulhub - 分类 - Geekby&#39;s Blog</description>
        <generator>Hugo -- gohugo.io</generator><language>zh-cn</language><managingEditor>admin@geekby.site (Geekby)</managingEditor>
            <webMaster>admin@geekby.site (Geekby)</webMaster><lastBuildDate>Sun, 03 Mar 2019 14:00:00 &#43;0800</lastBuildDate><atom:link href="https://www.geekby.site/categories/vulhub/" rel="self" type="application/rss+xml" /><item>
    <title>Apache Spark 未授权访问漏洞</title>
    <link>https://www.geekby.site/2019/03/apache-spark-%E6%9C%AA%E6%8E%88%E6%9D%83%E8%AE%BF%E9%97%AE%E6%BC%8F%E6%B4%9E/</link>
    <pubDate>Sun, 03 Mar 2019 14:00:00 &#43;0800</pubDate>
    <author>作者</author>
    <guid>https://www.geekby.site/2019/03/apache-spark-%E6%9C%AA%E6%8E%88%E6%9D%83%E8%AE%BF%E9%97%AE%E6%BC%8F%E6%B4%9E/</guid>
    <description><![CDATA[Apache Spark 未授权访问漏洞]]></description>
</item><item>
    <title>ffmpeg 任意文件读取漏洞/SSRF漏洞</title>
    <link>https://www.geekby.site/2019/02/ffmpeg-%E4%BB%BB%E6%84%8F%E6%96%87%E4%BB%B6%E8%AF%BB%E5%8F%96%E6%BC%8F%E6%B4%9Essrf%E6%BC%8F%E6%B4%9E/</link>
    <pubDate>Fri, 15 Feb 2019 09:25:00 &#43;0800</pubDate>
    <author>作者</author>
    <guid>https://www.geekby.site/2019/02/ffmpeg-%E4%BB%BB%E6%84%8F%E6%96%87%E4%BB%B6%E8%AF%BB%E5%8F%96%E6%BC%8F%E6%B4%9Essrf%E6%BC%8F%E6%B4%9E/</guid>
    <description><![CDATA[ffmpeg 任意文件读取漏洞/SSRF漏洞]]></description>
</item></channel>
</rss>
