<rss xmlns:atom="http://www.w3.org/2005/Atom" version="2.0">
    <channel>
        <title>Access Token - 标签 - Geekby&#39;s Blog</title>
        <link>https://www.geekby.site/tags/access-token/</link>
        <description>Access Token - 标签 - Geekby&#39;s Blog</description>
        <generator>Hugo -- gohugo.io</generator><language>zh-cn</language><managingEditor>admin@geekby.site (Geekby)</managingEditor>
            <webMaster>admin@geekby.site (Geekby)</webMaster><lastBuildDate>Mon, 11 May 2020 14:10:00 &#43;0800</lastBuildDate><atom:link href="https://www.geekby.site/tags/access-token/" rel="self" type="application/rss+xml" /><item>
    <title>域渗透之 Windows Access Token 攻击</title>
    <link>https://www.geekby.site/2020/05/%E5%9F%9F%E6%B8%97%E9%80%8F%E4%B9%8B-windows-access-token-%E6%94%BB%E5%87%BB/</link>
    <pubDate>Mon, 11 May 2020 14:10:00 &#43;0800</pubDate>
    <author>作者</author>
    <guid>https://www.geekby.site/2020/05/%E5%9F%9F%E6%B8%97%E9%80%8F%E4%B9%8B-windows-access-token-%E6%94%BB%E5%87%BB/</guid>
    <description><![CDATA[域渗透之 Windows Access Token 攻击]]></description>
</item></channel>
</rss>
