<rss xmlns:atom="http://www.w3.org/2005/Atom" version="2.0">
    <channel>
        <title>反序列化漏洞 - 标签 - Geekby&#39;s Blog</title>
        <link>https://www.geekby.site/tags/%E5%8F%8D%E5%BA%8F%E5%88%97%E5%8C%96%E6%BC%8F%E6%B4%9E/</link>
        <description>反序列化漏洞 - 标签 - Geekby&#39;s Blog</description>
        <generator>Hugo -- gohugo.io</generator><language>zh-cn</language><managingEditor>admin@geekby.site (Geekby)</managingEditor>
            <webMaster>admin@geekby.site (Geekby)</webMaster><lastBuildDate>Wed, 20 Feb 2019 09:01:00 &#43;0800</lastBuildDate><atom:link href="https://www.geekby.site/tags/%E5%8F%8D%E5%BA%8F%E5%88%97%E5%8C%96%E6%BC%8F%E6%B4%9E/" rel="self" type="application/rss+xml" /><item>
    <title>PHP 反序列化漏洞相关</title>
    <link>https://www.geekby.site/2019/02/php%E5%8F%8D%E5%BA%8F%E5%88%97%E5%8C%96%E6%BC%8F%E6%B4%9E%E7%9B%B8%E5%85%B3/</link>
    <pubDate>Wed, 20 Feb 2019 09:01:00 &#43;0800</pubDate>
    <author>作者</author>
    <guid>https://www.geekby.site/2019/02/php%E5%8F%8D%E5%BA%8F%E5%88%97%E5%8C%96%E6%BC%8F%E6%B4%9E%E7%9B%B8%E5%85%B3/</guid>
    <description><![CDATA[PHP 反序列化漏洞漏洞相关知识整理]]></description>
</item></channel>
</rss>
