<rss xmlns:atom="http://www.w3.org/2005/Atom" version="2.0">
    <channel>
        <title>HTB - 标签 - Geekby&#39;s Blog</title>
        <link>https://www.geekby.site/tags/htb/</link>
        <description>HTB - 标签 - Geekby&#39;s Blog</description>
        <generator>Hugo -- gohugo.io</generator><language>zh-cn</language><managingEditor>admin@geekby.site (Geekby)</managingEditor>
            <webMaster>admin@geekby.site (Geekby)</webMaster><lastBuildDate>Mon, 22 Mar 2021 16:52:00 &#43;0800</lastBuildDate><atom:link href="https://www.geekby.site/tags/htb/" rel="self" type="application/rss+xml" /><item>
    <title>Hack the box - Delivery</title>
    <link>https://www.geekby.site/2021/03/hackthebox-delivery/</link>
    <pubDate>Mon, 22 Mar 2021 16:52:00 &#43;0800</pubDate>
    <author>作者</author>
    <guid>https://www.geekby.site/2021/03/hackthebox-delivery/</guid>
    <description><![CDATA[Hack the box - Delivery]]></description>
</item><item>
    <title>Hack the box - Beep</title>
    <link>https://www.geekby.site/2021/03/hackthebox-beep/</link>
    <pubDate>Sun, 21 Mar 2021 20:28:00 &#43;0800</pubDate>
    <author>作者</author>
    <guid>https://www.geekby.site/2021/03/hackthebox-beep/</guid>
    <description><![CDATA[Hack the box - Beep]]></description>
</item></channel>
</rss>
