<rss xmlns:atom="http://www.w3.org/2005/Atom" version="2.0">
    <channel>
        <title>靶场 - 分类 - Geekby&#39;s Blog</title>
        <link>https://www.geekby.site/categories/%E9%9D%B6%E5%9C%BA/</link>
        <description>靶场 - 分类 - Geekby&#39;s Blog</description>
        <generator>Hugo -- gohugo.io</generator><language>zh-cn</language><managingEditor>admin@geekby.site (Geekby)</managingEditor>
            <webMaster>admin@geekby.site (Geekby)</webMaster><lastBuildDate>Mon, 22 Mar 2021 16:52:00 &#43;0800</lastBuildDate><atom:link href="https://www.geekby.site/categories/%E9%9D%B6%E5%9C%BA/" rel="self" type="application/rss+xml" /><item>
    <title>Hack the box - Delivery</title>
    <link>https://www.geekby.site/2021/03/hackthebox-delivery/</link>
    <pubDate>Mon, 22 Mar 2021 16:52:00 &#43;0800</pubDate>
    <author>作者</author>
    <guid>https://www.geekby.site/2021/03/hackthebox-delivery/</guid>
    <description><![CDATA[Hack the box - Delivery]]></description>
</item><item>
    <title>Hack the box - Beep</title>
    <link>https://www.geekby.site/2021/03/hackthebox-beep/</link>
    <pubDate>Sun, 21 Mar 2021 20:28:00 &#43;0800</pubDate>
    <author>作者</author>
    <guid>https://www.geekby.site/2021/03/hackthebox-beep/</guid>
    <description><![CDATA[Hack the box - Beep]]></description>
</item><item>
    <title>文件上传漏洞相关</title>
    <link>https://www.geekby.site/2021/01/%E6%96%87%E4%BB%B6%E4%B8%8A%E4%BC%A0%E6%BC%8F%E6%B4%9E/</link>
    <pubDate>Wed, 13 Jan 2021 09:01:00 &#43;0800</pubDate>
    <author>作者</author>
    <guid>https://www.geekby.site/2021/01/%E6%96%87%E4%BB%B6%E4%B8%8A%E4%BC%A0%E6%BC%8F%E6%B4%9E/</guid>
    <description><![CDATA[文件上传漏洞相关知识整理]]></description>
</item><item>
    <title>VulnStack ATT&amp;CK 2 靶场</title>
    <link>https://www.geekby.site/2020/04/vulnstack-attck-2-%E9%9D%B6%E5%9C%BA/</link>
    <pubDate>Sat, 18 Apr 2020 14:17:00 &#43;0800</pubDate>
    <author>作者</author>
    <guid>https://www.geekby.site/2020/04/vulnstack-attck-2-%E9%9D%B6%E5%9C%BA/</guid>
    <description><![CDATA[VulnStack ATT&amp;CK 2 靶场练习记录]]></description>
</item><item>
    <title>VulnStack ATT&amp;CK 1 靶场</title>
    <link>https://www.geekby.site/2020/04/vulnstack-attck-1-%E9%9D%B6%E5%9C%BA/</link>
    <pubDate>Thu, 16 Apr 2020 11:50:00 &#43;0800</pubDate>
    <author>作者</author>
    <guid>https://www.geekby.site/2020/04/vulnstack-attck-1-%E9%9D%B6%E5%9C%BA/</guid>
    <description><![CDATA[VulnStack ATT&amp;CK 1 靶场练习记录]]></description>
</item><item>
    <title>VulnStack ATT&amp;CK 5 靶场</title>
    <link>https://www.geekby.site/2020/03/vulnstack-attck-5-%E9%9D%B6%E5%9C%BA/</link>
    <pubDate>Mon, 23 Mar 2020 14:38:00 &#43;0800</pubDate>
    <author>作者</author>
    <guid>https://www.geekby.site/2020/03/vulnstack-attck-5-%E9%9D%B6%E5%9C%BA/</guid>
    <description><![CDATA[VulnStack ATT&amp;CK 5 靶场练习记录]]></description>
</item><item>
    <title>in.security 提权靶场</title>
    <link>https://www.geekby.site/2019/10/lin.security%E6%8F%90%E6%9D%83%E9%9D%B6%E5%9C%BA/</link>
    <pubDate>Thu, 31 Oct 2019 09:00:00 &#43;0800</pubDate>
    <author>作者</author>
    <guid>https://www.geekby.site/2019/10/lin.security%E6%8F%90%E6%9D%83%E9%9D%B6%E5%9C%BA/</guid>
    <description><![CDATA[in.security 提权靶场]]></description>
</item><item>
    <title>Hack The Box —— Mirai</title>
    <link>https://www.geekby.site/2019/09/hacktheboxmirai/</link>
    <pubDate>Wed, 11 Sep 2019 17:00:00 &#43;0800</pubDate>
    <author>作者</author>
    <guid>https://www.geekby.site/2019/09/hacktheboxmirai/</guid>
    <description><![CDATA[Hack The Box靶场练习记录]]></description>
</item><item>
    <title>Hack The Box —— Bank</title>
    <link>https://www.geekby.site/2019/09/hacktheboxbank/</link>
    <pubDate>Mon, 09 Sep 2019 19:00:00 &#43;0800</pubDate>
    <author>作者</author>
    <guid>https://www.geekby.site/2019/09/hacktheboxbank/</guid>
    <description><![CDATA[Hack The Box靶场练习记录]]></description>
</item><item>
    <title>Hack The Box —— Blocky</title>
    <link>https://www.geekby.site/2019/09/hacktheboxblocky/</link>
    <pubDate>Fri, 06 Sep 2019 11:00:00 &#43;0800</pubDate>
    <author>作者</author>
    <guid>https://www.geekby.site/2019/09/hacktheboxblocky/</guid>
    <description><![CDATA[Hack The Box靶场练习记录]]></description>
</item></channel>
</rss>
