<rss xmlns:atom="http://www.w3.org/2005/Atom" version="2.0">
    <channel>
        <title>HTB靶场 - 标签 - Geekby&#39;s Blog</title>
        <link>https://www.geekby.site/tags/htb%E9%9D%B6%E5%9C%BA/</link>
        <description>HTB靶场 - 标签 - Geekby&#39;s Blog</description>
        <generator>Hugo -- gohugo.io</generator><language>zh-cn</language><managingEditor>admin@geekby.site (Geekby)</managingEditor>
            <webMaster>admin@geekby.site (Geekby)</webMaster><lastBuildDate>Wed, 11 Sep 2019 17:00:00 &#43;0800</lastBuildDate><atom:link href="https://www.geekby.site/tags/htb%E9%9D%B6%E5%9C%BA/" rel="self" type="application/rss+xml" /><item>
    <title>Hack The Box —— Mirai</title>
    <link>https://www.geekby.site/2019/09/hacktheboxmirai/</link>
    <pubDate>Wed, 11 Sep 2019 17:00:00 &#43;0800</pubDate>
    <author>作者</author>
    <guid>https://www.geekby.site/2019/09/hacktheboxmirai/</guid>
    <description><![CDATA[Hack The Box靶场练习记录]]></description>
</item><item>
    <title>Hack The Box —— Bank</title>
    <link>https://www.geekby.site/2019/09/hacktheboxbank/</link>
    <pubDate>Mon, 09 Sep 2019 19:00:00 &#43;0800</pubDate>
    <author>作者</author>
    <guid>https://www.geekby.site/2019/09/hacktheboxbank/</guid>
    <description><![CDATA[Hack The Box靶场练习记录]]></description>
</item><item>
    <title>Hack The Box —— Blocky</title>
    <link>https://www.geekby.site/2019/09/hacktheboxblocky/</link>
    <pubDate>Fri, 06 Sep 2019 11:00:00 &#43;0800</pubDate>
    <author>作者</author>
    <guid>https://www.geekby.site/2019/09/hacktheboxblocky/</guid>
    <description><![CDATA[Hack The Box靶场练习记录]]></description>
</item><item>
    <title>Hack The Box —— Help</title>
    <link>https://www.geekby.site/2019/09/hacktheboxhelp/</link>
    <pubDate>Fri, 06 Sep 2019 11:00:00 &#43;0800</pubDate>
    <author>作者</author>
    <guid>https://www.geekby.site/2019/09/hacktheboxhelp/</guid>
    <description><![CDATA[Hack The Box靶场练习记录]]></description>
</item><item>
    <title>Hack The Box —— Tenten</title>
    <link>https://www.geekby.site/2019/09/hacktheboxtenten/</link>
    <pubDate>Thu, 05 Sep 2019 13:00:00 &#43;0800</pubDate>
    <author>作者</author>
    <guid>https://www.geekby.site/2019/09/hacktheboxtenten/</guid>
    <description><![CDATA[Hack The Box靶场练习记录]]></description>
</item><item>
    <title>Hack The Box —— Popcorn</title>
    <link>https://www.geekby.site/2019/09/hacktheboxpopcorn/</link>
    <pubDate>Wed, 04 Sep 2019 16:00:00 &#43;0800</pubDate>
    <author>作者</author>
    <guid>https://www.geekby.site/2019/09/hacktheboxpopcorn/</guid>
    <description><![CDATA[Hack The Box靶场练习记录]]></description>
</item><item>
    <title>Hack The Box —— Devel</title>
    <link>https://www.geekby.site/2019/08/hacktheboxdevel/</link>
    <pubDate>Wed, 14 Aug 2019 16:00:00 &#43;0800</pubDate>
    <author>作者</author>
    <guid>https://www.geekby.site/2019/08/hacktheboxdevel/</guid>
    <description><![CDATA[Hack The Box靶场练习记录]]></description>
</item><item>
    <title>Hack The Box —— Optimum</title>
    <link>https://www.geekby.site/2019/08/hacktheboxoptimum/</link>
    <pubDate>Tue, 13 Aug 2019 16:29:00 &#43;0800</pubDate>
    <author>作者</author>
    <guid>https://www.geekby.site/2019/08/hacktheboxoptimum/</guid>
    <description><![CDATA[Hack The Box靶场练习记录]]></description>
</item><item>
    <title>Hack The Box —— Lame</title>
    <link>https://www.geekby.site/2019/08/hacktheboxlame/</link>
    <pubDate>Sat, 10 Aug 2019 20:03:00 &#43;0800</pubDate>
    <author>作者</author>
    <guid>https://www.geekby.site/2019/08/hacktheboxlame/</guid>
    <description><![CDATA[Hack The Box靶场练习记录]]></description>
</item><item>
    <title>Hack The Box —— Netmon</title>
    <link>https://www.geekby.site/2019/06/hack-the-boxnetmon/</link>
    <pubDate>Mon, 10 Jun 2019 09:25:00 &#43;0800</pubDate>
    <author>作者</author>
    <guid>https://www.geekby.site/2019/06/hack-the-boxnetmon/</guid>
    <description><![CDATA[Hack The Box靶场练习记录]]></description>
</item></channel>
</rss>
